stage,average,group
ND,0.231565901,1
T2D,0.42450578,1
