stage,average,group
ND,1.065316048,1
T2D,0.42450578,1
